<?xml version="1.0" encoding="UTF-8"?>
<project-private xmlns="http://www.netbeans.org/ns/project-private/1">
    <editor-bookmarks xmlns="http://www.netbeans.org/ns/editor-bookmarks/2" lastBookmarkId="0"/>
    <open-files xmlns="http://www.netbeans.org/ns/projectui-open-files/2">
        <group>
            <file>file:/C:/Users/noorh/Desktop/RENT_CAR_COMPANY/src/rent_car_company/JFrame6.java</file>
            <file>file:/C:/Users/noorh/Desktop/RENT_CAR_COMPANY/src/rent_car_company/JFrame4.java</file>
            <file>file:/C:/Users/noorh/Desktop/RENT_CAR_COMPANY/src/rent_car_company/JFrame1.java</file>
            <file>file:/C:/Users/noorh/Desktop/RENT_CAR_COMPANY/src/rent_car_company/JFrame5.java</file>
            <file>file:/C:/Users/noorh/Desktop/RENT_CAR_COMPANY/src/rent_car_company/User.java</file>
            <file>file:/C:/Users/noorh/Desktop/RENT_CAR_COMPANY/src/rent_car_company/JFrame2.java</file>
            <file>file:/C:/Users/noorh/Desktop/RENT_CAR_COMPANY/src/rent_car_company/RENT_CAR_COMPANY.java</file>
            <file>file:/C:/Users/noorh/Desktop/RENT_CAR_COMPANY/src/rent_car_company/JFrame3.java</file>
        </group>
    </open-files>
</project-private>
